product_id,store_id,total_sales,department,product_category,product_type
1003616,321,5,GROCERY,REFRGRATD JUICES/DRNKS,DAIRY CASE 100% PURE JUICE - O
1004001,368,2.5,GROCERY,FLUID MILK PRODUCTS,EGG NOG/BOILED CUSTARD
1004001,408,2.39,GROCERY,FLUID MILK PRODUCTS,EGG NOG/BOILED CUSTARD
1004909,362,1,GROCERY,FRZN BREAKFAST FOODS,WAFFLES/PANCAKES/FRENCH TOAST
1005105,389,17.5,GROCERY,CANNED JUICES,GRAPE JUICE (OVER 50% JUICE)
1005274,365,5,GROCERY,REFRGRATD JUICES/DRNKS,DAIRY CASE 100% PURE JUICE - O
1005274,432,5.38,GROCERY,REFRGRATD JUICES/DRNKS,DAIRY CASE 100% PURE JUICE - O
1005911,403,4,GROCERY,CHEESE,STRING CHEESE
1006062,327,0.89,GROCERY,FRZN VEGETABLE/VEG DSH,FRZN BAGGED VEGETABLES - PLAIN
1006438,420,1,GROCERY,MEAT - SHELF STABLE,MICROWAVABLE CUPS
1007911,292,1,GROCERY,MILK BY-PRODUCTS,REFRIG DIPS
1007911,365,1,GROCERY,MILK BY-PRODUCTS,REFRIG DIPS
1008316,404,3.75,GROCERY,FRZN VEGETABLE/VEG DSH,FRZN BAGGED VEGETABLES - PLAIN
1009368,368,18,GROCERY,FROZEN PIZZA,PIZZA/PREMIUM
1011046,421,2,GROCERY,FRZN BREAKFAST FOODS,WAFFLES/PANCAKES/FRENCH TOAST
1011578,304,1,GROCERY,FRZN VEGETABLE/VEG DSH,FRZN BAGGED VEGETABLES - PLAIN
1011578,323,2.5,GROCERY,FRZN VEGETABLE/VEG DSH,FRZN BAGGED VEGETABLES - PLAIN
1011578,362,1.25,GROCERY,FRZN VEGETABLE/VEG DSH,FRZN BAGGED VEGETABLES - PLAIN
1011841,400,1.67,GROCERY,PICKLE/RELISH/PKLD VEG,PICKLES
1012587,292,5.99,MEAT-PCKGD,MEAT - MISC,GRND/PATTY - FROZEN
1012587,382,5.99,MEAT-PCKGD,MEAT - MISC,GRND/PATTY - FROZEN
1012913,369,3.33,GROCERY,FRZN MEAT/MEAT DINNERS,FRZN SS PREMIUM ENTREES/DNRS/N
1012922,384,2.5,MEAT-PCKGD,DINNER SAUSAGE,SMOKED/COOKED
1014238,335,4.5,GROCERY,DINNER MXS:DRY,MACARONI & CHEESE DNRS
10149640,380,7.99,GROCERY,BATH TISSUES,TOILET TISSUE
10149640,388,5.99,GROCERY,BATH TISSUES,TOILET TISSUE
10150194,321,7.99,GROCERY,BATH TISSUES,TOILET TISSUE
10150194,334,7.99,GROCERY,BATH TISSUES,TOILET TISSUE
1015532,311,4.01,SEAFOOD-PCKGD,SEAFOOD - FROZEN,FRZN BRD STICK/PORTON
1015597,292,2.97,MEAT-PCKGD,LUNCHMEAT,LUNCH COMBO
1015785,343,7.99,GROCERY,BATH TISSUES,TOILET TISSUE
1017195,424,2,GROCERY,FROZEN BREAD/DOUGH,FRZN GARLIC BREAD/TOAST/STICKS
1017325,327,8,GROCERY,FRZN MEAT/MEAT DINNERS,FRZN SS PREMIUM ENTREES/DNRS/T
1017772,406,1.38,GROCERY,REFRGRATD DOUGH PRODUCTS,REFRIGERATED SPECILATY ROLLS
1017799,334,2.88,GROCERY,ICE CREAM/MILK/SHERBTS,PREMIUM
1017896,323,4.99,GROCERY,ICE CREAM/MILK/SHERBTS,PREMIUM
10180324,316,2.99,MEAT-PCKGD,LUNCHMEAT,MISCELLANEOUS
1018670,32004,1.66,GROCERY,FROZEN PIZZA,SANDWICHES&HANDHELDS
1020962,323,2.5,GROCERY,FRZN MEAT/MEAT DINNERS,FRZN SS PREMIUM ENTREES/DNRS/N
1021057,380,1,GROCERY,CAT FOOD,CAT TREATS
1021116,32004,2.5,GROCERY,FROZEN PIZZA,PIZZA/TRADITIONAL
1021116,427,2,GROCERY,FROZEN PIZZA,PIZZA/TRADITIONAL
1023830,304,1.27,GROCERY,FRZN VEGETABLE/VEG DSH,FRZN BAGGED VEGETABLES- VALUE
1023979,388,2.69,GROCERY,FRZN POTATOES,FRZN FRENCH FRIES
1026209,406,2,GROCERY,FRZN MEAT/MEAT DINNERS,FRZN SS PREMIUM ENTREES/DNRS/N
1027168,329,2.5,MEAT-PCKGD,LUNCHMEAT,PEPPERONI/SALAMI
1027372,400,4,GROCERY,FRZN MEAT/MEAT DINNERS,FRZN SS PREMIUM ENTREES/DNRS/N
10284944,433,1.67,GROCERY,CONVENIENT BRKFST/WHLSM SNACKS,FRUIT SNACKS
10285119,369,2,GROCERY,HOT CEREAL,INSTANT OATMEAL
10285364,370,6.99,GROCERY,DOG FOODS,DRY DOG FOOD PREMIUM (ALPO/PUR
1029684,389,1.67,GROCERY,CONVENIENT BRKFST/WHLSM SNACKS,FRUIT SNACKS
10309712,369,2,GROCERY,HOT CEREAL,INSTANT OATMEAL
1031087,322,3.79,GROCERY,FRZN MEAT/MEAT DINNERS,FRZN SS PREMIUM ENTREES/DNRS/T
10311967,436,2,GROCERY,COOKIES/CONES,CHOCOLATE COVERED COOKIES
10311967,447,3,GROCERY,COOKIES/CONES,CHOCOLATE COVERED COOKIES
10312172,31401,1.5,GROCERY,COOKIES/CONES,CHOCOLATE COVERED COOKIES
1034081,327,9.16,GROCERY,FROZEN BREAD/DOUGH,FRZN GARLIC BREAD/TOAST/STICKS
10344585,31782,4.19,GROCERY,SOFT DRINKS,SOFT DRINKS 12/18&15PK CAN CAR
10351330,361,2.99,NUTRITION,CEREAL/BREAKFAST,CEREAL - COLD
1035386,341,1,GROCERY,FRZN BREAKFAST FOODS,WAFFLES/PANCAKES/FRENCH TOAST
1036921,421,1.14,DRUG GM,HAIR CARE PRODUCTS,SHAMPOO
1038663,388,5.95,MEAT,BEEF,LEAN
1039455,410,8.99,DRUG GM,DIAPERS & DISPOSABLES,BABY DIAPERS
1039672,310,1.89,GROCERY,FLUID MILK PRODUCTS,REFRIGERATED COFFEE CREAMERS
1041796,343,4.75,GROCERY,CRACKERS/MISC BKD FD,BUTTER SPRAY CRACKER (RITZ/CLU
1042544,304,4.99,MEAT-PCKGD,BREAKFAST SAUSAGE/SANDWICHES,SANDWICHES/BISCUITS/GRAVY
1042544,346,4.99,MEAT-PCKGD,BREAKFAST SAUSAGE/SANDWICHES,SANDWICHES/BISCUITS/GRAVY
1043494,424,2.6,GROCERY,FROZEN PIZZA,SNACKS/APPETIZERS
1043590,388,1.79,GROCERY,SHORTENING/OIL,VEGETABLE/SALAD OIL
1043730,319,5,GROCERY,FROZEN PIZZA,PIZZA/PREMIUM
1044805,375,1.39,GROCERY,SOUP,RTS SOUP: CHUNKY/HOMESTYLE ET
1044825,424,5,DRUG GM,HAIR CARE PRODUCTS,SHAMPOO
1045109,424,1.5,MEAT-PCKGD,FROZEN MEAT,FRZN BREADED PREPARED CHICK
1045220,400,1,GROCERY,MEAT - SHELF STABLE,PASTA: CANNED
1046584,424,2.29,GROCERY,CHEESE,NATURAL CHEESE EXACT WT SLICES
1047226,333,1,GROCERY,FRZN VEGETABLE/VEG DSH,FRZN BAGGED VEGETABLES - PLAIN
1047619,388,1.17,GROCERY,SALD DRSNG/SNDWCH SPRD,SEMI-SOLID SALAD DRESSING MAY
1047769,368,3.99,GROCERY,REFRGRATD JUICES/DRNKS,DAIRY CASE 100% PURE JUICE - O
1050534,333,2.5,MEAT-PCKGD,FROZEN MEAT,FRZN BURGERS/BBQ/MEATBALL
1051211,432,1.54,GROCERY,PNT BTR/JELLY/JAMS,PEANUT BUTTER
1051989,323,2.5,MEAT-PCKGD,DINNER SAUSAGE,SMOKED/COOKED
1051989,324,2.5,MEAT-PCKGD,DINNER SAUSAGE,SMOKED/COOKED
1053016,422,6.98,GROCERY,CHEESE,NATURAL CHEESE EXACT WT CHUNKS
1053019,364,2.5,DRUG GM,FEMININE HYGIENE,FEM. HYGN.NAPKINS
1053628,299,6,GROCERY,COLD CEREAL,ADULT CEREAL
1054262,318,2,GROCERY,COLD CEREAL,KIDS CEREAL
1057231,343,5,GROCERY,FRZN NOVELTIES/WTR ICE,CONES
1058133,406,2,NUTRITION,FITNESS&DIET,FITNESS&DIET - BARS
1058997,292,4,GROCERY,FLUID MILK PRODUCTS,FLUID MILK WHITE ONLY
1060408,367,3.19,GROCERY,COLD CEREAL,ALL FAMILY CEREAL
1060408,424,3.19,GROCERY,COLD CEREAL,ALL FAMILY CEREAL
1061220,306,2,GROCERY,REFRGRATD DOUGH PRODUCTS,REFRIGERATED BISCUITS REGULAR
1061220,410,1,GROCERY,REFRGRATD DOUGH PRODUCTS,REFRIGERATED BISCUITS REGULAR
1062966,306,0.99,MEAT-PCKGD,HOT DOGS,ECONOMY - MEAT
1062966,370,2.97,MEAT-PCKGD,HOT DOGS,ECONOMY - MEAT
1065303,375,1.79,GROCERY,FRZN MEAT/MEAT DINNERS,FRZN SS PREMIUM ENTREES/DNRS/N
1065331,404,1.22,GROCERY,PASTA SAUCE,MAINSTREAM
1068719,304,1.89,GROCERY,SUGARS/SWEETNERS,SUGAR
1068719,422,1.89,GROCERY,SUGARS/SWEETNERS,SUGAR
1069637,442,1.5,GROCERY,FRZN VEGETABLE/VEG DSH,FRZN BAGGED VEGETABLES - PLAIN
1070105,323,2,GROCERY,FRZN POTATOES,FRZN TATER TOTS/OTHER EXTRUDED
1070898,424,2.69,GROCERY,FRZN POTATOES,FRZN FRENCH FRIES
1071244,31782,4.99,GROCERY,ICE CREAM/MILK/SHERBTS,PREMIUM
1071342,306,2.98,GROCERY,COLD CEREAL,ALL FAMILY CEREAL
1071342,358,3.19,GROCERY,COLD CEREAL,ALL FAMILY CEREAL
1071342,388,1.49,GROCERY,COLD CEREAL,ALL FAMILY CEREAL
1071342,406,3.19,GROCERY,COLD CEREAL,ALL FAMILY CEREAL
1071342,422,1.49,GROCERY,COLD CEREAL,ALL FAMILY CEREAL
1071342,450,1.49,GROCERY,COLD CEREAL,ALL FAMILY CEREAL
1073546,421,3.5,GROCERY,FRZN MEAT/MEAT DINNERS,FRZN SS PREMIUM ENTREES/DNRS/T
1075074,311,1.19,GROCERY,FROZEN PIE/DESSERTS,FRZN WHIPPED TOPPING
1075074,365,0.5,GROCERY,FROZEN PIE/DESSERTS,FRZN WHIPPED TOPPING
1075074,375,0.69,GROCERY,FROZEN PIE/DESSERTS,FRZN WHIPPED TOPPING
1075074,402,0.5,GROCERY,FROZEN PIE/DESSERTS,FRZN WHIPPED TOPPING
1075074,404,0.75,GROCERY,FROZEN PIE/DESSERTS,FRZN WHIPPED TOPPING
1075074,438,1,GROCERY,FROZEN PIE/DESSERTS,FRZN WHIPPED TOPPING
1075074,450,1,GROCERY,FROZEN PIE/DESSERTS,FRZN WHIPPED TOPPING
1075214,304,6.39,GROCERY,BATH TISSUES,TOILET TISSUE
1075214,31862,6.49,GROCERY,BATH TISSUES,TOILET TISSUE
1075214,375,5.5,GROCERY,BATH TISSUES,TOILET TISSUE
1075214,424,7.99,GROCERY,BATH TISSUES,TOILET TISSUE
1075214,438,6.49,GROCERY,BATH TISSUES,TOILET TISSUE
1075282,304,4.99,GROCERY,FROZEN PIE/DESSERTS,FROZEN FRUIT PIES  & COBBLERS
1075282,429,2.49,GROCERY,FROZEN PIE/DESSERTS,FROZEN FRUIT PIES  & COBBLERS
1075827,367,1.5,PRODUCE,NUTS,PEANUTS ALL
1076580,299,3.39,GROCERY,REFRGRATD JUICES/DRNKS,DAIRY CASE 100% PURE JUICE - O
1077166,31401,1.5,GROCERY,COOKIES/CONES,CHOCOLATE COVERED COOKIES
1077600,323,2,GROCERY,FRZN POTATOES,FRZN FRENCH FRIES
1077717,368,5.76,GROCERY,ICE CREAM/MILK/SHERBTS,PREMIUM
1077717,429,4.99,GROCERY,ICE CREAM/MILK/SHERBTS,PREMIUM
1078652,361,2,GROCERY,COLD CEREAL,ADULT CEREAL
1078652,367,2,GROCERY,COLD CEREAL,ADULT CEREAL
1079023,323,1.29,GROCERY,MARGARINES,MARGARINE: TUBS AND BOWLS
1079174,369,2.5,DRUG GM,DEODORANTS,ANTIPERSPIRANTS ONLY (ALL OTHE
1079913,433,7.99,GROCERY,PAPER TOWELS,PAPER TOWELS & HOLDERS
1080252,304,4.99,GROCERY,FROZEN PIE/DESSERTS,FROZEN CREAM PIES
1083548,369,3,GROCERY,ICE CREAM/MILK/SHERBTS,PREMIUM
1085095,368,0.88,GROCERY,REFRGRATD DOUGH PRODUCTS,REFRIGERATED SPECILATY ROLLS
1085333,313,1.67,GROCERY,SOFT DRINKS,SOFT DRINKS CAN NON-CARB (EXCE
1085333,31742,1.67,GROCERY,SOFT DRINKS,SOFT DRINKS CAN NON-CARB (EXCE
1087366,424,5.29,DRUG GM,SOAP - LIQUID & BAR,BODY WASH
1088147,442,1.5,GROCERY,FRZN VEGETABLE/VEG DSH,FRZN BAGGED VEGETABLES - PLAIN
1088147,450,3,GROCERY,FRZN VEGETABLE/VEG DSH,FRZN BAGGED VEGETABLES - PLAIN
1088387,422,2.5,GROCERY,COLD CEREAL,ADULT CEREAL
1088387,429,3.29,GROCERY,COLD CEREAL,ADULT CEREAL
1088544,406,1.67,GROCERY,FRZN VEGETABLE/VEG DSH,FRZN BOXED VEGETABLES- VALUE A
1089240,384,9.99,DRUG GM,VITAMINS,VITAMIN - MULTIPLE COMBIN
1090676,321,3,GROCERY,MARGARINES,MARGARINE: TUBS AND BOWLS
1091499,341,2,GROCERY,DRY NOODLES/PASTA,SPAGHETTI DRY
1092120,422,2.5,GROCERY,COLD CEREAL,ADULT CEREAL
1092303,432,7.3,GROCERY,BUTTER,BUTTER
1092442,432,13.98,DRUG GM,VITAMINS,VITAMIN - CHILDREN
1093571,310,4,NUTRITION,DRIED FRUIT,DRIED FRUIT - OTHER
1094723,368,3,GROCERY,FROZEN PIZZA,SNACKS/APPETIZERS
1095068,338,2.89,GROCERY,PASTA SAUCE,MAINSTREAM
1095068,388,1.17,GROCERY,PASTA SAUCE,MAINSTREAM
1096036,410,1.19,GROCERY,CHEESE,IWS SINGLE CHEESE
1096036,436,1.5,GROCERY,CHEESE,IWS SINGLE CHEESE
1096343,362,3.75,GROCERY,FRZN VEGETABLE/VEG DSH,FRZN BAGGED VEGETABLES - PLAIN
1097846,304,2.64,GROCERY,FROZEN PIE/DESSERTS,FROZEN CREAM PIES
1098066,361,0.88,GROCERY,BAKED BREAD/BUNS/ROLLS,HOT DOG BUNS
1098066,388,0.38,GROCERY,BAKED BREAD/BUNS/ROLLS,HOT DOG BUNS
1098066,406,0.88,GROCERY,BAKED BREAD/BUNS/ROLLS,HOT DOG BUNS
1098066,427,0.99,GROCERY,BAKED BREAD/BUNS/ROLLS,HOT DOG BUNS
1098066,443,1.76,GROCERY,BAKED BREAD/BUNS/ROLLS,HOT DOG BUNS
1098765,403,3.14,SEAFOOD-PCKGD,SEAFOOD - FROZEN,FRZN BRD STICK/PORTON
1099372,346,4.5,GROCERY,ISOTONIC DRINKS,ISOTONIC DRINKS SINGLE SERVE
1100972,345,3.49,GROCERY,CRACKERS/MISC BKD FD,BUTTER SPRAY CRACKER (RITZ/CLU
1100972,421,4,GROCERY,CRACKERS/MISC BKD FD,BUTTER SPRAY CRACKER (RITZ/CLU
1102067,380,3.1,GROCERY,COLD CEREAL,ALL FAMILY CEREAL
1102067,384,4,GROCERY,COLD CEREAL,ALL FAMILY CEREAL
1104205,292,0.99,MEAT-PCKGD,LUNCHMEAT,LUNCH COMBO
1104349,429,2.19,GROCERY,COLD CEREAL,ADULT CEREAL
1105034,356,1.39,GROCERY,BAKING MIXES,FROSTING
1105590,317,5.59,DRUG GM,FEMININE HYGIENE,FEM. HYGN.NAPKINS
1105661,367,26.99,DRUG GM,DIAPERS & DISPOSABLES,BABY DIAPERS
1105661,427,24.99,DRUG GM,DIAPERS & DISPOSABLES,BABY DIAPERS
1106422,438,2,DRUG GM,ORAL HYGIENE PRODUCTS,TOOTHPASTE
1106523,406,1.99,GROCERY,FLUID MILK PRODUCTS,FLUID MILK WHITE ONLY
1109615,412,4.74,GROCERY,LAUNDRY DETERGENTS,LIQUID LAUNDRY DETERGENTS
1110695,32004,2,GROCERY,FRZN POTATOES,FRZN TATER TOTS/OTHER EXTRUDED
1110857,306,2.05,MEAT-PCKGD,DINNER SAUSAGE,SMOKED/COOKED
1113274,299,4.99,GROCERY,PAPER TOWELS,PAPER TOWELS & HOLDERS
1113274,450,7.69,GROCERY,PAPER TOWELS,PAPER TOWELS & HOLDERS
1113438,421,5.99,MEAT-PCKGD,FROZEN MEAT,FRZN BREADED PREPARED CHICK
1113588,343,2.64,GROCERY,FRZN MEAT/MEAT DINNERS,SS ECONOMY ENTREES/DINNERS ALL
1113588,370,1.76,GROCERY,FRZN MEAT/MEAT DINNERS,SS ECONOMY ENTREES/DINNERS ALL
1114006,304,0,GROCERY,FROZEN PIE/DESSERTS,FROZEN FRUIT PIES  & COBBLERS
1114006,364,0,GROCERY,FROZEN PIE/DESSERTS,FROZEN FRUIT PIES  & COBBLERS
1114483,32004,7.87,GROCERY,ICE CREAM/MILK/SHERBTS,PREMIUM
1114483,368,3,GROCERY,ICE CREAM/MILK/SHERBTS,PREMIUM
1114483,369,3,GROCERY,ICE CREAM/MILK/SHERBTS,PREMIUM
1115553,356,17.5,GROCERY,CANNED JUICES,GRAPE JUICE (OVER 50% JUICE)
1115553,389,17.5,GROCERY,CANNED JUICES,GRAPE JUICE (OVER 50% JUICE)
1118036,432,4.99,GROCERY,FRZN MEAT/MEAT DINNERS,FRZN MULTI SERVE ENTREES ALL
1118244,324,5,MEAT-PCKGD,DINNER SAUSAGE,SMOKED/COOKED
1119112,299,2.14,GROCERY,FROZEN PIZZA,SANDWICHES&HANDHELDS
1119112,369,2.14,GROCERY,FROZEN PIZZA,SANDWICHES&HANDHELDS
1119194,410,3.34,DRUG GM,SOAP - LIQUID & BAR,BODY WASH
1119546,31582,2.5,GROCERY,COCOA MIXES,HOT CHOCOLATE COCOA MIX
1119546,450,2,GROCERY,COCOA MIXES,HOT CHOCOLATE COCOA MIX
1119667,304,3.49,GROCERY,LAUNDRY DETERGENTS,LIQUID LAUNDRY DETERGENTS
1119667,402,6.99,GROCERY,LAUNDRY DETERGENTS,LIQUID LAUNDRY DETERGENTS
1119830,365,5.38,GROCERY,FRZN POTATOES,FRZN FRENCH FRIES
1120443,450,1.5,GROCERY,FRZN BREAKFAST FOODS,WAFFLES/PANCAKES/FRENCH TOAST
1121053,362,5,SEAFOOD-PCKGD,SEAFOOD - FROZEN,FRZN BRD STICK/PORTON
1122358,406,2.99,GROCERY,REFRGRATD JUICES/DRNKS,DAIRY CASE 100% PURE JUICE - O
1122547,329,1.22,GROCERY,PASTA SAUCE,MAINSTREAM
1122889,292,1.66,GROCERY,FRZN VEGETABLE/VEG DSH,FRZN BOXED VEGETABLES- VALUE A
1124507,404,1.25,GROCERY,FRZN VEGETABLE/VEG DSH,FRZN BAGGED VEGETABLES - PLAIN
1126252,304,3.33,GROCERY,FRZN VEGETABLE/VEG DSH,FRZN BOXED VEGETABLES- VALUE A
1126252,436,0.5,GROCERY,FRZN VEGETABLE/VEG DSH,FRZN BOXED VEGETABLES- VALUE A
1126786,327,4.99,PRODUCE,NUTS,WALNUTS SHELLED
1126899,406,3.98,GROCERY,FLUID MILK PRODUCTS,FLUID MILK WHITE ONLY
1127025,343,2,GROCERY,FRZN POTATOES,FRZN FRENCH FRIES
1127328,358,1.67,NUTRITION,DRIED FRUIT,RAISINS
1127701,432,4,GROCERY,CRACKERS/MISC BKD FD,MULTI-PACK CRACKERS
1128271,304,2,DRUG GM,ORAL HYGIENE PRODUCTS,TOOTHPASTE
1129082,391,2.69,GROCERY,FROZEN PIZZA,SNACKS/APPETIZERS
1130255,304,2.5,GROCERY,YOGURT,YOGURT MULTI-PACKS
1130458,317,2.99,GROCERY,COLD CEREAL,KIDS CEREAL
1130692,337,2,GROCERY,FRZN MEAT/MEAT DINNERS,FRZN SS PREMIUM ENTREES/DNRS/T
1131047,368,2.5,GROCERY,FRZN NOVELTIES/WTR ICE,CONES
1131344,450,2.5,MEAT-PCKGD,DINNER SAUSAGE,SMOKED/COOKED
1131488,304,2.5,GROCERY,COLD CEREAL,ADULT CEREAL
1131488,422,5,GROCERY,COLD CEREAL,ADULT CEREAL
1131550,388,2,GROCERY,FRZN BREAKFAST FOODS,WAFFLES/PANCAKES/FRENCH TOAST
1132036,304,3.29,GROCERY,YOGURT,YOGURT MULTI-PACKS
1132036,343,2.5,GROCERY,YOGURT,YOGURT MULTI-PACKS
1132789,311,2.39,GROCERY,REFRGRATD JUICES/DRNKS,DAIRY CASE 100% PURE JUICE - O
1132789,374,2,GROCERY,REFRGRATD JUICES/DRNKS,DAIRY CASE 100% PURE JUICE - O
1132789,406,1.96,GROCERY,REFRGRATD JUICES/DRNKS,DAIRY CASE 100% PURE JUICE - O
1134414,363,3.28,SEAFOOD-PCKGD,SEAFOOD - FROZEN,FRZN BRD STICK/PORTON
1134810,427,2,GROCERY,FROZEN PIZZA,PIZZA/TRADITIONAL
1135222,402,3.19,GROCERY,COLD CEREAL,ALL FAMILY CEREAL
1136848,368,2.5,GROCERY,FRZN NOVELTIES/WTR ICE,CONES
1136848,408,2.5,GROCERY,FRZN NOVELTIES/WTR ICE,CONES
1137387,343,3.08,GROCERY,COLD CEREAL,KIDS CEREAL
1137387,359,2.39,GROCERY,COLD CEREAL,KIDS CEREAL
1137387,450,3.08,GROCERY,COLD CEREAL,KIDS CEREAL
1138467,374,2,GROCERY,MILK BY-PRODUCTS,AEROSOL TOPPINGS
12132685,448,5.98,GROCERY,REFRGRATD DOUGH PRODUCTS,REFRIGERATED COOKIES-CHUB
12171222,382,1.32,GROCERY,BAKING NEEDS,BITS & MORSELS
12263815,323,4.99,GROCERY,FROZEN PIE/DESSERTS,FROZEN CAKES/ALL TYPES INCLUDI
12301334,327,4.99,DRUG GM,COLD AND FLU,COLD AND FLU - DXM
12302114,327,4.99,DRUG GM,COLD AND FLU,COLD AND FLU
12326050,375,2.75,PRODUCE,SALAD MIX,KITS
12384365,330,2.5,GROCERY,CHEESE,SHREDDED CHEESE
12384431,375,4,GROCERY,FROZEN PIZZA,SANDWICHES&HANDHELDS
12385050,448,1,GROCERY,FROZEN PIZZA,SANDWICHES&HANDHELDS
12385339,292,3.99,GROCERY,FROZEN PIZZA,PIZZA/PREMIUM
12385374,396,5.08,GROCERY,CHEESE,SHREDDED CHEESE
12523992,388,3.79,GROCERY,LAUNDRY DETERGENTS,LIQUID LAUNDRY DETERGENTS
12781831,443,8.99,DRUG GM,SHAVING CARE PRODUCTS,RAZORS AND BLADES
12782182,329,6,GROCERY,FRZN MEAT/MEAT DINNERS,FRZN SS PREMIUM ENTREES/DNRS/N
12987975,391,5.76,GROCERY,BAG SNACKS,MISC BAG SNACKS
12987975,450,5.76,GROCERY,BAG SNACKS,MISC BAG SNACKS
13008079,299,5.99,GROCERY,FRZN MEAT/MEAT DINNERS,FRZN MULTI SERVE ENTREES ALL
13039321,408,3.99,DRUG GM,SHAVING CARE PRODUCTS,RAZORS AND BLADES
13039664,448,4.23,DRUG GM,INFANT CARE PRODUCTS,FEEDING ACCESSORIES BOTTLES
13039836,424,7.08,DRUG GM,DEODORANTS,SOLID/STK DEODORANTS
13095097,400,4.5,DRUG GM,HAIR CARE PRODUCTS,DANDRUFF-MEDICATED SHAMPOOS
13095467,368,4.5,DRUG GM,HAIR CARE PRODUCTS,SHAMPOO
13095471,367,4.5,DRUG GM,HAIR CARE PRODUCTS,DANDRUFF-MEDICATED SHAMPOOS
13095471,400,4.5,DRUG GM,HAIR CARE PRODUCTS,DANDRUFF-MEDICATED SHAMPOOS
13113121,368,5.99,SEAFOOD-PCKGD,FROZEN - BOXED(GROCERY),SEAFOOD-FRZ-MISC
13115500,368,4,GROCERY,FRZN MEAT/MEAT DINNERS,FRZN SS PREMIUM ENTREES/DNRS/N
13115513,380,2,GROCERY,FRZN MEAT/MEAT DINNERS,FRZN SS PREMIUM ENTREES/DNRS/N
13115664,32004,1.66,GROCERY,FRZN MEAT/MEAT DINNERS,FRZN SS PREMIUM ENTREES/DNRS/N
13115692,368,8.99,DRUG GM,DIAPERS & DISPOSABLES,BABY DIAPERS
13115699,388,1,GROCERY,FRZN VEGETABLE/VEG DSH,FRZN BOXED VEGETABLES - PLAIN
13115701,406,4,GROCERY,FRZN MEAT/MEAT DINNERS,FRZN SS PREMIUM ENTREES/DNRS/N
13115796,439,0,GROCERY,AIR CARE,AIR CARE - CONTINUOUS ACTION
13115809,322,2.5,GROCERY,FRZN MEAT/MEAT DINNERS,FRZN SS PREMIUM ENTREES/DNRS/N
13115809,388,2.5,GROCERY,FRZN MEAT/MEAT DINNERS,FRZN SS PREMIUM ENTREES/DNRS/N
13115937,388,2,GROCERY,DINNER MXS:DRY,MACARONI & CHEESE DNRS
13190188,424,3.34,DRUG GM,DEODORANTS,SOLID/STK DEODORANTS
13190352,329,2.25,GROCERY,SALD DRSNG/SNDWCH SPRD,POURABLE SALAD DRESSINGS
13190613,329,2.25,GROCERY,SALD DRSNG/SNDWCH SPRD,POURABLE SALAD DRESSINGS
13213107,422,2.5,GROCERY,SALD DRSNG/SNDWCH SPRD,SEMI-SOLID SALAD DRESSING MAY
13213122,323,2.5,GROCERY,ICE CREAM/MILK/SHERBTS,SUPER PREMIUM PINTS
13213186,436,2.32,GROCERY,COOKIES/CONES,MULTI-PACK COOKIES
13213355,292,3,GROCERY,ICE CREAM/MILK/SHERBTS,SUPER PREMIUM PINTS
13381458,424,2,GROCERY,CRACKERS/MISC BKD FD,SNACK CRACKERS
13416932,369,2.88,GROCERY,ICE CREAM/MILK/SHERBTS,PREMIUM
13417139,32004,2.88,GROCERY,ICE CREAM/MILK/SHERBTS,PREMIUM
13417587,406,4.99,GROCERY,ICE CREAM/MILK/SHERBTS,PREMIUM
13512837,375,2.5,GROCERY,FROZEN PIZZA,SNACKS/APPETIZERS
13876869,443,0.5,GROCERY,CAT FOOD,CAN CATFD GOURMET/SUP PREM (GR
13877096,400,5.99,GROCERY,FROZEN CHICKEN,FRZN BREADED PREPARED CHICK
13877192,324,3.24,GROCERY,SALD DRSNG/SNDWCH SPRD,SEMI-SOLID SALAD DRESSING MAY
13877192,410,5,GROCERY,SALD DRSNG/SNDWCH SPRD,SEMI-SOLID SALAD DRESSING MAY
13910641,438,2.5,DRUG GM,HAIR CARE PRODUCTS,HAIR SETS AND GELS
13910932,438,2.5,DRUG GM,HAIR CARE PRODUCTS,HAIR SETS AND GELS
13986397,31401,1.98,DRUG GM,CANDY - CHECKLANE,CHEWING GUM
14025531,424,3.33,DRUG GM,DEODORANTS,SOLID/STK DEODORANTS
14050651,410,3.99,DRUG GM,HAIR CARE PRODUCTS,SHAMPOO
14050858,410,3.99,DRUG GM,HAIR CARE PRODUCTS,SHAMPOO
15452454,343,4,GROCERY,FRZN MEAT/MEAT DINNERS,FRZN SS PREMIUM ENTREES/DNRS/N
15452645,330,3.99,GROCERY,DOG FOODS,DRY DOG FOOD PREMIUM (ALPO/PUR
15452647,304,7.99,GROCERY,PAPER TOWELS,PAPER TOWELS & HOLDERS
15452647,433,7.99,GROCERY,PAPER TOWELS,PAPER TOWELS & HOLDERS
15452734,323,3,GROCERY,FRZN MEAT/MEAT DINNERS,FRZN SS PREMIUM ENTREES/DNRS/N
15452761,432,5,GROCERY,FROZEN PIZZA,PIZZA/PREMIUM
15483382,402,2.69,GROCERY,CRACKERS/MISC BKD FD,SNACK CRACKERS
15566733,292,3,GROCERY,ICE CREAM/MILK/SHERBTS,SUPER PREMIUM PINTS
15596024,362,1.75,GROCERY,FRZN BREAKFAST FOODS,FRZN BREAKFAST ENTREES/SANDWIC
15596089,361,8.99,GROCERY,DISHWASH DETERGENTS,AUTO DISH DETERGENT - MONODOSE
15596461,424,5,GROCERY,HOUSEHOLD CLEANG NEEDS,KITCHEN & MULTI-PURPOSE CLEANE
15596488,31742,2.29,GROCERY,COLD CEREAL,ALL FAMILY CEREAL
15596488,375,3.79,GROCERY,COLD CEREAL,ALL FAMILY CEREAL
15596488,433,3.49,GROCERY,COLD CEREAL,ALL FAMILY CEREAL
15596488,438,3.49,GROCERY,COLD CEREAL,ALL FAMILY CEREAL
15778319,404,4.99,GROCERY,COLD CEREAL,ALL FAMILY CEREAL
15863687,424,3.99,DRUG GM,ORAL HYGIENE PRODUCTS,MOUTHWASHES (ANTISEPTIC)
15863807,292,2.63,DRUG GM,ORAL HYGIENE PRODUCTS,TOOTHPASTE
15927352,327,4.49,DRUG GM,COLD AND FLU,COLD AND FLU
5565369,427,1.67,GROCERY,CONVENIENT BRKFST/WHLSM SNACKS,FRUIT SNACKS
5565505,382,5.29,DRUG GM,SOAP - LIQUID & BAR,BODY WASH
5565784,368,2.17,GROCERY,REFRGRATD JUICES/DRNKS,DAIRY CASE 100% PURE JUICE - O
5566321,356,2.5,NUTRITION,CEREAL/BREAKFAST,CEREAL - COLD
5567176,304,2.88,DRUG GM,ORAL HYGIENE PRODUCTS,TOOTHPASTE
5567755,439,2.62,DRUG GM,ORAL HYGIENE PRODUCTS,TOOTHPASTE
5568135,424,7.99,DRUG GM,FILM AND CAMERA PRODUCTS,BATTERIES
5568378,400,2,GROCERY,BAG SNACKS,TORTILLA/NACHO CHIPS
5568378,439,4,GROCERY,BAG SNACKS,TORTILLA/NACHO CHIPS
5568642,31782,2.67,SEAFOOD-PCKGD,SEAFOOD - FROZEN,FRZN GRILLED PORTIONS
5569230,368,4.19,GROCERY,SOFT DRINKS,SOFT DRINKS 12/18&15PK CAN CAR
5569230,370,4.19,GROCERY,SOFT DRINKS,SOFT DRINKS 12/18&15PK CAN CAR
5569230,382,4.19,GROCERY,SOFT DRINKS,SOFT DRINKS 12/18&15PK CAN CAR
5569230,401,4.19,GROCERY,SOFT DRINKS,SOFT DRINKS 12/18&15PK CAN CAR
5569230,441,32,GROCERY,SOFT DRINKS,SOFT DRINKS 12/18&15PK CAN CAR
5569327,400,2,GROCERY,BAG SNACKS,TORTILLA/NACHO CHIPS
5569374,327,4.19,GROCERY,SOFT DRINKS,SOFT DRINKS 12/18&15PK CAN CAR
5569374,333,4.19,GROCERY,SOFT DRINKS,SOFT DRINKS 12/18&15PK CAN CAR
5569374,448,4.19,GROCERY,SOFT DRINKS,SOFT DRINKS 12/18&15PK CAN CAR
5569471,441,40,GROCERY,SOFT DRINKS,SOFT DRINKS 12/18&15PK CAN CAR
5569845,317,4.19,GROCERY,SOFT DRINKS,SOFT DRINKS 12/18&15PK CAN CAR
5569845,441,61.34,GROCERY,SOFT DRINKS,SOFT DRINKS 12/18&15PK CAN CAR
5570383,448,4.19,GROCERY,SOFT DRINKS,SOFT DRINKS 12/18&15PK CAN CAR
5571248,420,1,GROCERY,MEAT - SHELF STABLE,MICROWAVABLE CUPS
5577022,436,3.39,GROCERY,REFRGRATD JUICES/DRNKS,DAIRY CASE 100% PURE JUICE - O
5577183,327,4.49,DRUG GM,COLD AND FLU,COUGH SYRP/LOZNG-DRP/XPCTRNT
5995485,31782,2.67,SEAFOOD-PCKGD,SEAFOOD - FROZEN,FRZN GRILLED PORTIONS
5995490,439,1.79,GROCERY,DRY BN/VEG/POTATO/RICE,RICE - INSTANT & MICROWAVE
6034923,335,5.5,DRUG GM,SOAP - LIQUID & BAR,BAR SOAP
6039584,31401,10.58,DRUG GM,SOAP - LIQUID & BAR,BODY WASH
6391068,436,6,DRUG GM,SOAP - LIQUID & BAR,LIQUID SOAP
6391088,292,3.74,DRUG GM,SOAP - LIQUID & BAR,BODY WASH
6391517,388,2.99,GROCERY,ICE CREAM/MILK/SHERBTS,TRADITIONAL
6391557,306,2.99,GROCERY,ICE CREAM/MILK/SHERBTS,PREMIUM
6396008,410,3.83,COSMETICS,MAKEUP AND TREATMENT,COVERGIRL
6442870,424,3.34,DRUG GM,DEODORANTS,SOLID/STK DEODORANTS
6443166,292,2.88,DRUG GM,HAIR CARE PRODUCTS,HAIR SETS AND GELS
6443300,306,2.99,GROCERY,ICE CREAM/MILK/SHERBTS,PREMIUM
6443350,306,2.99,GROCERY,ICE CREAM/MILK/SHERBTS,PREMIUM
6463717,361,2.99,GROCERY,ICE CREAM/MILK/SHERBTS,PREMIUM
6463717,362,2.99,GROCERY,ICE CREAM/MILK/SHERBTS,PREMIUM
6463826,432,2.5,GROCERY,ICE CREAM/MILK/SHERBTS,PREMIUM
6463907,304,9,GROCERY,FROZEN PIZZA,PIZZA/PREMIUM
6464069,356,2.5,GROCERY,ICE CREAM/MILK/SHERBTS,PREMIUM
6464165,361,2.99,GROCERY,ICE CREAM/MILK/SHERBTS,PREMIUM
6514201,442,5.76,GROCERY,ICE CREAM/MILK/SHERBTS,PREMIUM
6514222,408,4.01,SEAFOOD-PCKGD,SEAFOOD - FROZEN,FRZN BRD STICK/PORTON
6514302,31742,3,GROCERY,ICE CREAM/MILK/SHERBTS,PREMIUM
6514302,32004,4.99,GROCERY,ICE CREAM/MILK/SHERBTS,PREMIUM
6514305,31742,3,GROCERY,ICE CREAM/MILK/SHERBTS,PREMIUM
6533936,368,8,GROCERY,SOFT DRINKS,SOFT DRINKS 12/18&15PK CAN CAR
6552254,343,3,GROCERY,FROZEN PIZZA,SNACKS/APPETIZERS
6602447,311,3.49,GROCERY,COLD CEREAL,ADULT CEREAL
6633075,424,2,DRUG GM,ORAL HYGIENE PRODUCTS,TOOTHPASTE
6979221,427,3.34,GROCERY,CONVENIENT BRKFST/WHLSM SNACKS,FRUIT SNACKS
6979221,433,1.67,GROCERY,CONVENIENT BRKFST/WHLSM SNACKS,FRUIT SNACKS
7024866,402,2.89,GROCERY,COLD CEREAL,ALL FAMILY CEREAL
7025496,292,3.99,DELI,SALADS/DIPS,VEGETABLE SALADS - PREPACK
7166861,304,3,GROCERY,ICE CREAM/MILK/SHERBTS,PREMIUM
7166861,324,3,GROCERY,ICE CREAM/MILK/SHERBTS,PREMIUM
7166861,368,2.88,GROCERY,ICE CREAM/MILK/SHERBTS,PREMIUM
7166861,447,4.99,GROCERY,ICE CREAM/MILK/SHERBTS,PREMIUM
7166862,310,4.99,GROCERY,ICE CREAM/MILK/SHERBTS,PREMIUM
7166865,292,3.99,GROCERY,ICE CREAM/MILK/SHERBTS,PREMIUM
7166865,363,2.88,GROCERY,ICE CREAM/MILK/SHERBTS,PREMIUM
7168026,356,2.88,GROCERY,ICE CREAM/MILK/SHERBTS,PREMIUM
7168026,362,4.99,GROCERY,ICE CREAM/MILK/SHERBTS,PREMIUM
7168026,374,3,GROCERY,ICE CREAM/MILK/SHERBTS,PREMIUM
7168026,408,2.88,GROCERY,ICE CREAM/MILK/SHERBTS,PREMIUM
7168026,443,2.88,GROCERY,ICE CREAM/MILK/SHERBTS,PREMIUM
7168057,384,3.99,GROCERY,ICE CREAM/MILK/SHERBTS,PREMIUM
7168057,408,2.88,GROCERY,ICE CREAM/MILK/SHERBTS,PREMIUM
7168058,362,2.88,GROCERY,ICE CREAM/MILK/SHERBTS,PREMIUM
7169091,400,4.99,GROCERY,ICE CREAM/MILK/SHERBTS,PREMIUM
7409483,368,2.77,DRUG GM,SHAVING CARE PRODUCTS,SHAVE CREAMS AND POWDERS
7409971,362,1.25,GROCERY,FRZN VEGETABLE/VEG DSH,FRZN BOXED VEGETABLES- VALUE A
7409971,382,1,GROCERY,FRZN VEGETABLE/VEG DSH,FRZN BOXED VEGETABLES- VALUE A
7409974,323,2,GROCERY,FRZN POTATOES,FRZN FRENCH FRIES
7409999,367,14.99,GROCERY,LAUNDRY DETERGENTS,LIQUID LAUNDRY DETERGENTS
7410016,362,1.25,GROCERY,FRZN VEGETABLE/VEG DSH,FRZN BOXED VEGETABLES- VALUE A
7410288,404,1.25,GROCERY,FRZN VEGETABLE/VEG DSH,FRZN BAGGED VEGETABLES - PLAIN
7410290,362,1.25,GROCERY,FRZN VEGETABLE/VEG DSH,FRZN BOXED VEGETABLES- VALUE A
7410290,380,1.25,GROCERY,FRZN VEGETABLE/VEG DSH,FRZN BOXED VEGETABLES- VALUE A
7410304,375,6,GROCERY,FRZN VEGETABLE/VEG DSH,FRZN BAGGED VEGETABLES- VALUE
7410336,338,3.99,DRUG GM,BABY HBC,BABY WIPES
7410343,362,1.25,GROCERY,FRZN VEGETABLE/VEG DSH,FRZN BOXED VEGETABLES- VALUE A
7441180,32004,3.79,GROCERY,ICE CREAM/MILK/SHERBTS,PREMIUM
7466774,401,1.25,GROCERY,PICKLE/RELISH/PKLD VEG,RELISHES
8014645,322,1.5,GROCERY,REFRGRATD DOUGH PRODUCTS,MISC REFRIG DOUGH PRODUCTS
8014645,402,4.88,GROCERY,REFRGRATD DOUGH PRODUCTS,MISC REFRIG DOUGH PRODUCTS
8014645,404,2.19,GROCERY,REFRGRATD DOUGH PRODUCTS,MISC REFRIG DOUGH PRODUCTS
8019216,333,2.66,GROCERY,FROZEN PIZZA,PIZZA/TRADITIONAL
8067128,403,3.5,MEAT-PCKGD,BREAKFAST SAUSAGE/SANDWICHES,ROLLS - FLAVORED/OTHER
8068261,408,2.59,DRUG GM,SHAVING CARE PRODUCTS,SHAVE CREAMS AND POWDERS
8090546,335,2.67,GROCERY,SOFT DRINKS,SOFT DRINKS 12/18&15PK CAN CAR
8090546,367,4.59,GROCERY,SOFT DRINKS,SOFT DRINKS 12/18&15PK CAN CAR
8118779,292,3.34,DRUG GM,DEODORANTS,SOLID/STK DEODORANTS
8119151,424,3.33,DRUG GM,DEODORANTS,SOLID/STK DEODORANTS
8119157,32004,1.67,GROCERY,FROZEN PIZZA,SANDWICHES&HANDHELDS
8119159,422,1.66,GROCERY,FROZEN PIZZA,SANDWICHES&HANDHELDS
8159997,32004,2.88,DRUG GM,HAIR CARE PRODUCTS,SHAMPOO
8177622,31782,8.38,GROCERY,SOFT DRINKS,SOFT DRINKS 12/18&15PK CAN CAR
819255,358,2,MEAT-PCKGD,BREAKFAST SAUSAGE/SANDWICHES,ROLLS - PORK
819304,343,1.21,GROCERY,PASTA SAUCE,MAINSTREAM
8204093,406,6.19,COSMETICS,MAKEUP AND TREATMENT,COVERGIRL
820518,368,2.5,PRODUCE,ORGANICS FRUIT & VEGETABLES,ORGANIC BERRIES
821695,424,1.64,PASTRY,ROLLS,ROLLS: SANDWICH
822407,427,5,GROCERY,MEAT - SHELF STABLE,PASTA: CANNED
823721,436,2.79,GROCERY,CHEESE,GRATED CHEESE
824122,429,2.49,GROCERY,FROZEN PIE/DESSERTS,FROZEN FRUIT PIES  & COBBLERS
824931,304,5,GROCERY,FROZEN PIZZA,PIZZA/PREMIUM
825365,406,2.5,MEAT-PCKGD,LUNCHMEAT,PEPPERONI/SALAMI
825365,410,2.5,MEAT-PCKGD,LUNCHMEAT,PEPPERONI/SALAMI
825365,424,2.5,MEAT-PCKGD,LUNCHMEAT,PEPPERONI/SALAMI
825753,448,0.88,GROCERY,FRZN MEAT/MEAT DINNERS,SS ECONOMY ENTREES/DINNERS ALL
826249,306,0.88,GROCERY,BAKED BREAD/BUNS/ROLLS,HAMBURGER BUNS
826249,31401,0.88,GROCERY,BAKED BREAD/BUNS/ROLLS,HAMBURGER BUNS
826249,361,0.88,GROCERY,BAKED BREAD/BUNS/ROLLS,HAMBURGER BUNS
826249,364,0.88,GROCERY,BAKED BREAD/BUNS/ROLLS,HAMBURGER BUNS
826249,388,0.88,GROCERY,BAKED BREAD/BUNS/ROLLS,HAMBURGER BUNS
826969,31582,0.8,GROCERY,VEGETABLES - SHELF STABLE,TOMATOES: STEWED/DICED/CRMD
828896,292,15.99,DRUG GM,DIAPERS & DISPOSABLES,BABY DIAPERS
829009,323,2.88,DRUG GM,HAIR CARE PRODUCTS,SHAMPOO
8291322,368,3.5,MEAT-PCKGD,BREAKFAST SAUSAGE/SANDWICHES,ROLLS - PORK
829662,335,1.29,GROCERY,SALD DRSNG/SNDWCH SPRD,POURABLE SALAD DRESSINGS
832678,345,2,GROCERY,CRACKERS/MISC BKD FD,BUTTER SPRAY CRACKER (RITZ/CLU
832678,400,5.36,GROCERY,CRACKERS/MISC BKD FD,BUTTER SPRAY CRACKER (RITZ/CLU
832678,406,2,GROCERY,CRACKERS/MISC BKD FD,BUTTER SPRAY CRACKER (RITZ/CLU
832678,422,4,GROCERY,CRACKERS/MISC BKD FD,BUTTER SPRAY CRACKER (RITZ/CLU
833025,368,1,GROCERY,MILK BY-PRODUCTS,SOUR CREAMS
834396,368,8.99,DRUG GM,DIAPERS & DISPOSABLES,BABY DIAPERS
834826,31782,7.99,GROCERY,BATH TISSUES,TOILET TISSUE
834826,31862,6.49,GROCERY,BATH TISSUES,TOILET TISSUE
834826,321,6.39,GROCERY,BATH TISSUES,TOILET TISSUE
834826,364,6.39,GROCERY,BATH TISSUES,TOILET TISSUE
834826,429,7.99,GROCERY,BATH TISSUES,TOILET TISSUE
834826,443,7.99,GROCERY,BATH TISSUES,TOILET TISSUE
836163,388,2,GROCERY,COOKIES/CONES,CHOCOLATE COVERED COOKIES
837304,343,2.99,MEAT-PCKGD,DINNER SAUSAGE,SMOKED/COOKED
837304,404,2.99,MEAT-PCKGD,DINNER SAUSAGE,SMOKED/COOKED
838010,382,1,GROCERY,FRZN VEGETABLE/VEG DSH,FRZN BAGGED VEGETABLES - PLAIN
838971,389,2.88,GROCERY,ICE CREAM/MILK/SHERBTS,PREMIUM
839419,382,8.99,MEAT-PCKGD,MEAT - MISC,BREAST - BONELESS(IQF)
840102,408,0.89,GROCERY,FRUIT - SHELF STABLE,PEARS
840244,400,2.5,GROCERY,PICKLE/RELISH/PKLD VEG,PICKLES
840361,31742,1.83,GROCERY,EGGS,EGGS - LARGE
840361,318,0.79,GROCERY,EGGS,EGGS - LARGE
840361,334,0.71,GROCERY,EGGS,EGGS - LARGE
840361,34007,1.7,GROCERY,EGGS,EGGS - LARGE
840361,403,1.73,GROCERY,EGGS,EGGS - LARGE
840361,406,1.77,GROCERY,EGGS,EGGS - LARGE
840361,422,0.88,GROCERY,EGGS,EGGS - LARGE
840361,429,0.64,GROCERY,EGGS,EGGS - LARGE
842140,343,3,GROCERY,CHEESE,SHREDDED CHEESE
842140,401,2.79,GROCERY,CHEESE,SHREDDED CHEESE
843756,317,1.5,GROCERY,CHEESE,CREAM CHEESE
843756,34280,1,GROCERY,CHEESE,CREAM CHEESE
843756,365,3,GROCERY,CHEESE,CREAM CHEESE
843756,403,2,GROCERY,CHEESE,CREAM CHEESE
843948,424,2.88,DRUG GM,FEMININE HYGIENE,FEM. HYGN.NAPKINS
845208,375,1.77,PRODUCE,ONIONS,ONIONS YELLOW (BULK&BAG)
845265,317,2.69,GROCERY,FROZEN BREAD/DOUGH,FRZN GARLIC BREAD/TOAST/STICKS
846429,402,2.89,GROCERY,PICKLE/RELISH/PKLD VEG,PICKLES
846823,343,2.5,MEAT-PCKGD,DINNER SAUSAGE,SMOKED/COOKED
848154,404,1.25,GROCERY,FRZN VEGETABLE/VEG DSH,FRZN BAGGED VEGETABLES - PLAIN
850807,375,6.68,GROCERY,FRZN VEGETABLE/VEG DSH,FRZN BOXED VEGETABLES- VALUE A
850807,436,0.5,GROCERY,FRZN VEGETABLE/VEG DSH,FRZN BOXED VEGETABLES- VALUE A
851819,424,3.23,GROCERY,FROZEN PIZZA,PIZZA/TRADITIONAL
852182,450,1,GROCERY,COCOA MIXES,HOT CHOCOLATE COCOA MIX
853449,367,26.97,SEAFOOD-PCKGD,SEAFOOD - FROZEN,SEAFOOD-FRZ-IQF RAW SHRIMP RW
853567,306,4.5,DRUG GM,SOAP - LIQUID & BAR,BAR SOAP
854329,448,4,SEAFOOD-PCKGD,SEAFOOD - FROZEN,FRZN GRILLED PORTIONS
856252,343,5,GROCERY,FROZEN PIZZA,SNACKS/APPETIZERS
858649,292,3.87,GROCERY,SALD DRSNG/SNDWCH SPRD,POURABLE SALAD DRESSINGS
858711,322,1.79,GROCERY,FRZN MEAT/MEAT DINNERS,FRZN SS PREMIUM ENTREES/DNRS/N
859075,391,5,GROCERY,CHEESE,SHREDDED CHEESE
860361,334,5.76,GROCERY,ICE CREAM/MILK/SHERBTS,PREMIUM
860361,361,2.88,GROCERY,ICE CREAM/MILK/SHERBTS,PREMIUM
861899,375,3,MEAT-PCKGD,DINNER SAUSAGE,FRESH
862799,388,4.99,GROCERY,COFFEE,GROUND COFFEE
862860,334,5.29,GROCERY,ISOTONIC DRINKS,ISOTONIC DRINKS SINGLE SERVE
862981,422,1.67,GROCERY,FROZEN PIZZA,SANDWICHES&HANDHELDS
864857,389,1.67,GROCERY,CONVENIENT BRKFST/WHLSM SNACKS,FRUIT SNACKS
865156,317,6.67,GROCERY,REFRGRATD DOUGH PRODUCTS,REFRIGERATED SPECILATY ROLLS
865456,422,3.99,GROCERY,CHEESE,LOAF CHEESE
866778,31742,1.97,GROCERY,COOKIES/CONES,TRAY PACK/CHOC CHIP COOKIES
867188,286,1,GROCERY,FROZEN PIE/DESSERTS,FRZN WHIPPED TOPPING
867188,304,1,GROCERY,FROZEN PIE/DESSERTS,FRZN WHIPPED TOPPING
867188,31742,0.75,GROCERY,FROZEN PIE/DESSERTS,FRZN WHIPPED TOPPING
867188,32004,0.5,GROCERY,FROZEN PIE/DESSERTS,FRZN WHIPPED TOPPING
867188,343,1,GROCERY,FROZEN PIE/DESSERTS,FRZN WHIPPED TOPPING
867188,346,0.69,GROCERY,FROZEN PIE/DESSERTS,FRZN WHIPPED TOPPING
867188,356,0.5,GROCERY,FROZEN PIE/DESSERTS,FRZN WHIPPED TOPPING
867188,404,1,GROCERY,FROZEN PIE/DESSERTS,FRZN WHIPPED TOPPING
867188,424,4,GROCERY,FROZEN PIE/DESSERTS,FRZN WHIPPED TOPPING
867547,31742,2.5,GROCERY,MISC. DAIRY,REFRIGERATED PUDDING
870547,306,1.49,GROCERY,MARGARINES,MARGARINE: TUBS AND BOWLS
870547,329,1.49,GROCERY,MARGARINES,MARGARINE: TUBS AND BOWLS
870547,335,1.29,GROCERY,MARGARINES,MARGARINE: TUBS AND BOWLS
870547,382,1.49,GROCERY,MARGARINES,MARGARINE: TUBS AND BOWLS
870547,410,1.49,GROCERY,MARGARINES,MARGARINE: TUBS AND BOWLS
871061,361,6.99,MEAT-PCKGD,MEAT - MISC,BREAST - BONELESS(IQF)
871754,322,1.5,GROCERY,MARGARINES,MARGARINE: TUBS AND BOWLS
871754,403,1.5,GROCERY,MARGARINES,MARGARINE: TUBS AND BOWLS
872137,436,4,GROCERY,BUTTER,BUTTER
873056,327,1.99,GROCERY,FRZN POTATOES,FRZN HASHBROWN POTATOES
873178,309,4,GROCERY,DRY NOODLES/PASTA,SPAGHETTI DRY
874061,306,0.89,GROCERY,REFRGRATD DOUGH PRODUCTS,REFRIGERATED BISCUITS REGULAR
874255,306,1.98,MEAT-PCKGD,LUNCHMEAT,BOLOGNA
876695,367,10,GROCERY,FROZEN PIZZA,SANDWICHES&HANDHELDS
880050,323,2.99,GROCERY,CANNED JUICES,ASEPTIC PACK JUICE AND DRINKS
880253,369,0.6,GROCERY,YOGURT,YOGURT NOT MULTI-PACKS
883404,382,1.98,GROCERY,BAKED BREAD/BUNS/ROLLS,MAINSTREAM WHITE BREAD
883404,400,2.97,GROCERY,BAKED BREAD/BUNS/ROLLS,MAINSTREAM WHITE BREAD
883404,412,1.98,GROCERY,BAKED BREAD/BUNS/ROLLS,MAINSTREAM WHITE BREAD
883404,420,2.38,GROCERY,BAKED BREAD/BUNS/ROLLS,MAINSTREAM WHITE BREAD
883601,327,1.74,GROCERY,SALD DRSNG/SNDWCH SPRD,POURABLE SALAD DRESSINGS
883932,311,2.59,GROCERY,CRACKERS/MISC BKD FD,SOUP CRACKERS (SALTINE/OYSTER)
883963,31742,0.99,MEAT-PCKGD,HOT DOGS,ECONOMY - MEAT
883963,362,1.98,MEAT-PCKGD,HOT DOGS,ECONOMY - MEAT
885023,32004,3.65,GROCERY,BAKING NEEDS,BITS & MORSELS
885023,402,3.65,GROCERY,BAKING NEEDS,BITS & MORSELS
885023,408,2,GROCERY,BAKING NEEDS,BITS & MORSELS
885356,432,1.84,GROCERY,FRZN BREAKFAST FOODS,WAFFLES/PANCAKES/FRENCH TOAST
888178,422,5,GROCERY,COLD CEREAL,ALL FAMILY CEREAL
888431,421,4,GROCERY,FRZN BREAKFAST FOODS,WAFFLES/PANCAKES/FRENCH TOAST
888431,432,1.55,GROCERY,FRZN BREAKFAST FOODS,WAFFLES/PANCAKES/FRENCH TOAST
888431,450,2,GROCERY,FRZN BREAKFAST FOODS,WAFFLES/PANCAKES/FRENCH TOAST
888476,32004,3.33,GROCERY,FROZEN PIZZA,SANDWICHES&HANDHELDS
888476,422,1.66,GROCERY,FROZEN PIZZA,SANDWICHES&HANDHELDS
889185,31742,2.88,GROCERY,ICE CREAM/MILK/SHERBTS,PREMIUM
889223,408,17.5,GROCERY,CANNED JUICES,BLENDED JUICE&COMBINATIONS (OV
889509,304,4.99,MEAT-PCKGD,FROZEN MEAT,FRZN BREADED PREPARED CHICK
889509,361,11.98,MEAT-PCKGD,FROZEN MEAT,FRZN BREADED PREPARED CHICK
889649,367,1.5,GROCERY,MARGARINES,MARGARINE: TUBS AND BOWLS
889836,433,2,DRUG GM,DEODORANTS,SOLID/STK DEODORANTS
890694,424,6.98,DRUG GM,FEMININE HYGIENE,FEM. HYGN.NAPKINS
891217,420,2,GROCERY,MEAT - SHELF STABLE,MICROWAVABLE CUPS
891405,334,0.5,GROCERY,REFRGRATD DOUGH PRODUCTS,REFRIGERATED BAGELS
892221,420,1,GROCERY,MEAT - SHELF STABLE,MICROWAVABLE CUPS
892556,436,1,GROCERY,FRZN VEGETABLE/VEG DSH,FRZN BOXED VEGETABLES- VALUE A
892978,432,4.99,GROCERY,FRZN MEAT/MEAT DINNERS,FRZN MULTI SERVE ENTREES ALL
893018,329,1.67,GROCERY,CHEESE,IWS SINGLE CHEESE
895388,374,3,DRUG GM,HAIR CARE PRODUCTS,SHAMPOO
897733,329,8.24,SEAFOOD-PCKGD,SEAFOOD - FROZEN,SEAFOOD-FRZ-RAW FILLETS
897953,343,6,GROCERY,FRZN MEAT/MEAT DINNERS,FRZN SS PREMIUM ENTREES/DNRS/N
898466,323,8,GROCERY,FROZEN PIZZA,PIZZA/PREMIUM
898466,406,5.48,GROCERY,FROZEN PIZZA,PIZZA/PREMIUM
898554,286,3,GROCERY,ICE CREAM/MILK/SHERBTS,PREMIUM
899682,406,2,GROCERY,REFRGRATD JUICES/DRNKS,DAIRY CASE 100% PURE JUICE - O
899736,327,4,GROCERY,FRZN MEAT/MEAT DINNERS,FRZN SS PREMIUM ENTREES/DNRS/T
899736,338,1.75,GROCERY,FRZN MEAT/MEAT DINNERS,FRZN SS PREMIUM ENTREES/DNRS/T
900842,343,1.5,GROCERY,MARGARINES,MARGARINE: TUBS AND BOWLS
902037,323,2.5,GROCERY,FRZN FRUITS,FROZEN FRUIT
902167,318,2.5,GROCERY,FRZN VEGETABLE/VEG DSH,FRZN BAGGED VEGETABLES - PLAIN
902202,429,1,GROCERY,FROZEN PIE/DESSERTS,FRZN PIE SHELLS PASTRY SHELL
902922,433,2.5,NUTRITION,DRIED FRUIT,DRIED FRUIT - OTHER
904129,31742,6.99,MEAT-PCKGD,MEAT - MISC,GRND/PATTY - FROZEN
904414,306,4.99,DRUG GM,ANALGESICS,ADULT ANALGESICS
904435,408,2.5,GROCERY,COLD CEREAL,ALL FAMILY CEREAL
905539,306,0.99,MEAT-PCKGD,DINNER SAUSAGE,SMOKED/COOKED
905539,323,0.99,MEAT-PCKGD,DINNER SAUSAGE,SMOKED/COOKED
905539,388,0.99,MEAT-PCKGD,DINNER SAUSAGE,SMOKED/COOKED
905868,362,1.25,GROCERY,FRZN VEGETABLE/VEG DSH,FRZN BAGGED VEGETABLES - PLAIN
907631,31862,2.6,GROCERY,FROZEN PIZZA,SNACKS/APPETIZERS
907631,400,3,GROCERY,FROZEN PIZZA,SNACKS/APPETIZERS
907631,421,8.2,GROCERY,FROZEN PIZZA,SNACKS/APPETIZERS
908283,406,1.5,MEAT-PCKGD,BACON,PRE-COOKED
908856,432,2,GROCERY,BAKING NEEDS,BITS & MORSELS
909129,306,9,GROCERY,ICE CREAM/MILK/SHERBTS,PREMIUM
909894,304,1,GROCERY,REFRGRATD JUICES/DRNKS,DAIRY CASE 100% PURE JUICE - O
910032,323,6.58,MEAT-PCKGD,HOT DOGS,PREMIUM - MEAT
910032,324,3.29,MEAT-PCKGD,HOT DOGS,PREMIUM - MEAT
910032,450,0,MEAT-PCKGD,HOT DOGS,PREMIUM - MEAT
911040,382,4.19,DRUG GM,SOAP - LIQUID & BAR,BODY WASH
911812,34280,1.5,GROCERY,SOUP,CONDENSED SOUP
911812,370,1.5,GROCERY,SOUP,CONDENSED SOUP
912280,329,2.5,MEAT-PCKGD,DINNER SAUSAGE,SMOKED/COOKED
913046,32004,1.67,GROCERY,FRZN MEAT/MEAT DINNERS,FRZN SS PREMIUM ENTREES/DNRS/N
914190,304,1.3,GROCERY,CHEESE,CREAM CHEESE
914190,306,0.5,GROCERY,CHEESE,CREAM CHEESE
914190,361,2.5,GROCERY,CHEESE,CREAM CHEESE
914190,362,1.05,GROCERY,CHEESE,CREAM CHEESE
914190,367,1.5,GROCERY,CHEESE,CREAM CHEESE
914190,370,2.5,GROCERY,CHEESE,CREAM CHEESE
914190,375,1.5,GROCERY,CHEESE,CREAM CHEESE
914190,388,3.5,GROCERY,CHEESE,CREAM CHEESE
914190,406,1.5,GROCERY,CHEESE,CREAM CHEESE
914190,436,2,GROCERY,CHEESE,CREAM CHEESE
915064,391,3.99,GROCERY,CHEESE,NATURAL CHEESE EXACT WT CHUNKS
916821,402,3.79,DRUG GM,ORAL HYGIENE PRODUCTS,TOOTHPASTE
916993,292,3.68,GROCERY,MILK BY-PRODUCTS,COTTAGE CHEESE
916993,306,1.99,GROCERY,MILK BY-PRODUCTS,COTTAGE CHEESE
917532,404,0,GROCERY,FROZEN PIE/DESSERTS,FROZEN FRUIT PIES  & COBBLERS
919534,311,1.89,GROCERY,REFRGRATD DOUGH PRODUCTS,REFRIGERATED SPECILATY ROLLS
919534,31782,1.5,GROCERY,REFRGRATD DOUGH PRODUCTS,REFRIGERATED SPECILATY ROLLS
919534,327,0.88,GROCERY,REFRGRATD DOUGH PRODUCTS,REFRIGERATED SPECILATY ROLLS
919534,330,1.91,GROCERY,REFRGRATD DOUGH PRODUCTS,REFRIGERATED SPECILATY ROLLS
919534,334,0.88,GROCERY,REFRGRATD DOUGH PRODUCTS,REFRIGERATED SPECILATY ROLLS
919534,343,2.74,GROCERY,REFRGRATD DOUGH PRODUCTS,REFRIGERATED SPECILATY ROLLS
919534,368,1.86,GROCERY,REFRGRATD DOUGH PRODUCTS,REFRIGERATED SPECILATY ROLLS
919534,382,2.26,GROCERY,REFRGRATD DOUGH PRODUCTS,REFRIGERATED SPECILATY ROLLS
919534,403,0.88,GROCERY,REFRGRATD DOUGH PRODUCTS,REFRIGERATED SPECILATY ROLLS
919534,412,0.88,GROCERY,REFRGRATD DOUGH PRODUCTS,REFRIGERATED SPECILATY ROLLS
920041,443,1.49,GROCERY,FD WRAPS/BAGS/TRSH BG,FOOD STORAGE BAGS
920308,429,1.52,GROCERY,SOFT DRINKS,SFT DRNK 2 LITER BTL CARB INCL
921167,391,3,GROCERY,ICE CREAM/MILK/SHERBTS,PREMIUM
921744,31401,2,GROCERY,BAG SNACKS,TORTILLA/NACHO CHIPS
921744,400,4,GROCERY,BAG SNACKS,TORTILLA/NACHO CHIPS
922460,321,2.99,GROCERY,DISHWASH DETERGENTS,RINSE AIDS AND ACCESSORIES
922526,429,1.5,GROCERY,BAKING MIXES,FROSTING
922651,323,2.5,GROCERY,FRZN MEAT/MEAT DINNERS,FRZN SS PREMIUM ENTREES/DNRS/N
923673,318,2,GROCERY,COLD CEREAL,ADULT CEREAL
923849,450,2,GROCERY,FRZN BREAKFAST FOODS,WAFFLES/PANCAKES/FRENCH TOAST
924804,333,2.39,GROCERY,FRZN BREAKFAST FOODS,WAFFLES/PANCAKES/FRENCH TOAST
925178,292,0,MEAT-PCKGD,HOT DOGS,KOSHER/SPECIALTY
926065,362,1.25,GROCERY,FRZN VEGETABLE/VEG DSH,FRZN BAGGED VEGETABLES - PLAIN
926233,324,2.89,GROCERY,COOKIES/CONES,CHOCOLATE COVERED COOKIES
926233,360,2,GROCERY,COOKIES/CONES,CHOCOLATE COVERED COOKIES
926233,364,2,GROCERY,COOKIES/CONES,CHOCOLATE COVERED COOKIES
926233,388,2,GROCERY,COOKIES/CONES,CHOCOLATE COVERED COOKIES
927382,343,4,GROCERY,FRZN MEAT/MEAT DINNERS,FRZN SS PREMIUM ENTREES/DNRS/N
928749,32004,3,GROCERY,ICE CREAM/MILK/SHERBTS,PREMIUM
9296950,367,2.67,NUTRITION,CEREAL/BREAKFAST,CEREAL - HOT
9296950,382,2.5,NUTRITION,CEREAL/BREAKFAST,CEREAL - HOT
9296957,368,5,GROCERY,COLD CEREAL,ALL FAMILY CEREAL
9297561,31782,2,GROCERY,FRZN BREAKFAST FOODS,WAFFLES/PANCAKES/FRENCH TOAST
9297615,436,2.69,GROCERY,REFRGRATD JUICES/DRNKS,DAIRY CASE 100% PURE JUICE - O
930917,329,5,GROCERY,MEAT - SHELF STABLE,PASTA: CANNED
930955,421,2,GROCERY,FRZN BREAKFAST FOODS,FRZN BREAKFAST PASTRY
932182,311,3.5,GROCERY,FRUIT - SHELF STABLE,PEACHES
932182,408,0.89,GROCERY,FRUIT - SHELF STABLE,PEACHES
932813,32004,5,DRUG GM,SOAP - LIQUID & BAR,BODY WASH
932813,433,5,DRUG GM,SOAP - LIQUID & BAR,BODY WASH
9333437,292,4.99,GROCERY,FRZN MEAT/MEAT DINNERS,FRZN MULTI SERVE ENTREES ALL
9333437,32004,5.99,GROCERY,FRZN MEAT/MEAT DINNERS,FRZN MULTI SERVE ENTREES ALL
934156,343,1.5,GROCERY,CHEESE,SHREDDED CHEESE
934172,403,2.39,GROCERY,REFRGRATD JUICES/DRNKS,DAIRY CASE 100% PURE JUICE - O
934172,439,2.79,GROCERY,REFRGRATD JUICES/DRNKS,DAIRY CASE 100% PURE JUICE - O
936118,410,2.88,DRUG GM,FEMININE HYGIENE,FEM. HYGN. TAMPONS
936792,31782,2,GROCERY,FROZEN PIZZA,SNACKS/APPETIZERS
9368201,323,9.99,DRUG GM,BATTERIES,RECHARABLE BATTERIES
9368228,292,5.5,DRUG GM,DIETARY AID PRODUCTS,DIET CNTRL LIQS NUTRITIONAL
9368272,292,5.5,DRUG GM,DIETARY AID PRODUCTS,DIET CNTRL LIQS NUTRITIONAL
937292,370,5,MEAT-PCKGD,BACON,ECONOMY
937791,333,3.34,GROCERY,FROZEN PIZZA,SANDWICHES&HANDHELDS
938512,31782,5.29,GROCERY,ISOTONIC DRINKS,ISOTONIC DRINKS SINGLE SERVE
938512,369,4.5,GROCERY,ISOTONIC DRINKS,ISOTONIC DRINKS SINGLE SERVE
940766,424,1.5,GROCERY,CHEESE,SHREDDED CHEESE
941658,368,2,GROCERY,FRZN MEAT/MEAT DINNERS,FRZN SS PREMIUM ENTREES/DNRS/N
941797,346,4.5,GROCERY,ISOTONIC DRINKS,ISOTONIC DRINKS SINGLE SERVE
9419487,432,3.98,GROCERY,YOGURT,YOGURT MULTI-PACKS
9420067,31742,3.29,GROCERY,YOGURT,YOGURT MULTI-PACKS
9420067,33923,3.29,GROCERY,YOGURT,YOGURT MULTI-PACKS
9420067,391,3.29,GROCERY,YOGURT,YOGURT MULTI-PACKS
9420140,330,3,GROCERY,CHEESE,SHREDDED CHEESE
9420140,334,1.1,GROCERY,CHEESE,SHREDDED CHEESE
944139,32004,2.5,GROCERY,FROZEN PIZZA,PIZZA/TRADITIONAL
944317,427,10,GROCERY,FROZEN PIZZA,SANDWICHES&HANDHELDS
9445671,32004,2.89,GROCERY,CRACKERS/MISC BKD FD,MULTI-PACK CRACKERS
9446855,369,2.94,DRUG GM,PLASTIC HOUSEWARES,DISPOSABLE FD STORAGE CONTAINR
944912,439,2.88,DRUG GM,FEMININE HYGIENE,FEM. HYGN.NAPKINS
945244,310,3,MEAT-PCKGD,DINNER SAUSAGE,FRESH
945244,391,3,MEAT-PCKGD,DINNER SAUSAGE,FRESH
947201,32004,5,MEAT-PCKGD,FROZEN MEAT,FRZN BREADED PREPARED CHICK
947441,403,7.17,GROCERY,FD WRAPS/BAGS/TRSH BG,PLASTIC WRAP (SARANETC.)
947798,429,1.67,GROCERY,SOFT DRINKS,SOFT DRINKS 12/18&15PK CAN CAR
947798,446,1.67,GROCERY,SOFT DRINKS,SOFT DRINKS 12/18&15PK CAN CAR
948232,319,2,MEAT-PCKGD,BREAKFAST SAUSAGE/SANDWICHES,SANDWICHES/BISCUITS/GRAVY
9487325,370,2,GROCERY,CRACKERS/MISC BKD FD,SNACK CRACKERS
9487534,370,2,GROCERY,CRACKERS/MISC BKD FD,SNACK CRACKERS
949965,372,3.99,MEAT-PCKGD,DINNER SAUSAGE,SMOKED/COOKED
950550,429,1.79,GROCERY,FROZEN PIE/DESSERTS,FRZN PIE SHELLS PASTRY SHELL
951197,334,2.76,GROCERY,REFRGRATD DOUGH PRODUCTS,REFRIGERATED SPECILATY ROLLS
951197,34011,3.64,GROCERY,REFRGRATD DOUGH PRODUCTS,REFRIGERATED SPECILATY ROLLS
951197,343,2.76,GROCERY,REFRGRATD DOUGH PRODUCTS,REFRIGERATED SPECILATY ROLLS
951197,361,4.28,GROCERY,REFRGRATD DOUGH PRODUCTS,REFRIGERATED SPECILATY ROLLS
951197,372,0.88,GROCERY,REFRGRATD DOUGH PRODUCTS,REFRIGERATED SPECILATY ROLLS
951197,382,2.76,GROCERY,REFRGRATD DOUGH PRODUCTS,REFRIGERATED SPECILATY ROLLS
951197,432,1.76,GROCERY,REFRGRATD DOUGH PRODUCTS,REFRIGERATED SPECILATY ROLLS
951197,439,4.28,GROCERY,REFRGRATD DOUGH PRODUCTS,REFRIGERATED SPECILATY ROLLS
951240,368,1.67,GROCERY,FRUIT - SHELF STABLE,FRUIT BOWL AND CUPS
951561,403,2,MEAT-PCKGD,BREAKFAST SAUSAGE/SANDWICHES,OTHER
951647,410,0,GROCERY,FROZEN PIE/DESSERTS,FROZEN FRUIT PIES  & COBBLERS
9526410,306,4,GROCERY,BAG SNACKS,POTATO CHIPS
9526410,375,4,GROCERY,BAG SNACKS,POTATO CHIPS
9526413,429,1,GROCERY,CONDIMENTS/SAUCES,BBQ SAUCE
9527183,432,2.5,GROCERY,ICE CREAM/MILK/SHERBTS,PREMIUM
9527290,443,4,GROCERY,BAG SNACKS,POTATO CHIPS
9527327,368,3,GROCERY,FRZN NOVELTIES/WTR ICE,WATER ICE
953320,341,1.7,GROCERY,FRZN BREAKFAST FOODS,WAFFLES/PANCAKES/FRENCH TOAST
954347,323,3.99,GROCERY,FROZEN PIZZA,PIZZA/PREMIUM
954651,400,2.99,GROCERY,COLD CEREAL,KIDS CEREAL
9546982,31401,5.99,MEAT-PCKGD,MEAT - MISC,BREAST - BONELESS(IQF)
9546982,324,5.99,MEAT-PCKGD,MEAT - MISC,BREAST - BONELESS(IQF)
9553234,404,1.27,DRUG GM,HAIR CARE PRODUCTS,SHAMPOO
9553288,309,5.99,GROCERY,BATH TISSUES,TOILET TISSUE
9553397,433,6.44,GROCERY,BATH TISSUES,TOILET TISSUE
956902,422,4,GROCERY,CANNED JUICES,CRANAPPLE CRAN GRAPE JUICE (5
957232,421,2.5,GROCERY,FLUID MILK PRODUCTS,EGG NOG/BOILED CUSTARD
957420,375,4,GROCERY,FROZEN PIZZA,SANDWICHES&HANDHELDS
957741,370,2,MEAT-PCKGD,LUNCHMEAT,BOLOGNA
957839,31782,0.99,GROCERY,FROZEN BREAD/DOUGH,FRZN GARLIC BREAD/TOAST/STICKS
959179,292,4,GROCERY,COLD CEREAL,ALL FAMILY CEREAL
959931,356,17.5,GROCERY,CANNED JUICES,GRAPE JUICE (OVER 50% JUICE)
959931,400,35,GROCERY,CANNED JUICES,GRAPE JUICE (OVER 50% JUICE)
960613,306,2.5,MEAT-PCKGD,DINNER SAUSAGE,COCKTAILS
960732,299,7.1899999999999995,GROCERY,COLD CEREAL,ALL FAMILY CEREAL
960732,408,2.5,GROCERY,COLD CEREAL,ALL FAMILY CEREAL
960732,439,6.38,GROCERY,COLD CEREAL,ALL FAMILY CEREAL
960732,448,5,GROCERY,COLD CEREAL,ALL FAMILY CEREAL
960984,429,1,GROCERY,REFRGRATD DOUGH PRODUCTS,REFRIGERATED BISCUITS REGULAR
961021,299,5.38,GROCERY,ICE CREAM/MILK/SHERBTS,PREMIUM
961021,334,4.99,GROCERY,ICE CREAM/MILK/SHERBTS,PREMIUM
961021,34011,2.88,GROCERY,ICE CREAM/MILK/SHERBTS,PREMIUM
961021,406,4.99,GROCERY,ICE CREAM/MILK/SHERBTS,PREMIUM
961554,402,1.84,PRODUCE,CARROTS,CARROTS MINI PEELED
963683,372,3.99,GROCERY,LAUNDRY DETERGENTS,LIQUID LAUNDRY DETERGENTS
963987,389,1.67,GROCERY,CONVENIENT BRKFST/WHLSM SNACKS,FRUIT SNACKS
964186,311,2,GROCERY,PICKLE/RELISH/PKLD VEG,PICKLES
9655078,299,5.88,GROCERY,ICE CREAM/MILK/SHERBTS,PREMIUM
9655212,439,6,GROCERY,PAPER HOUSEWARES,DESIGNER PAPER: MEDIUM WEIGHT
9655305,389,3.99,DRUG GM,SHAVING CARE PRODUCTS,RAZORS AND BLADES
9655482,400,3,GROCERY,ICE CREAM/MILK/SHERBTS,PREMIUM
965679,343,6.49,GROCERY,FROZEN PIZZA,PIZZA/PREMIUM
965864,410,7.99,DRUG GM,DIAPERS & DISPOSABLES,BABY DIAPERS
966549,34011,2.09,DRUG GM,SHAVING CARE PRODUCTS,SHAVE CREAMS AND POWDERS
966695,343,2,GROCERY,FRZN MEAT/MEAT DINNERS,FRZN SS PREMIUM ENTREES/DNRS/N
9676944,410,3,GROCERY,FRZN MEAT/MEAT DINNERS,FRZN SS PREMIUM ENTREES/DNRS/N
9677149,323,2.5,GROCERY,FRZN NOVELTIES/WTR ICE,ADULT PREMIUM
9677366,372,7.74,GROCERY,PAPER TOWELS,PAPER TOWELS & HOLDERS
9677486,448,5.54,GROCERY,COLD CEREAL,ADULT CEREAL
968363,31582,3,GROCERY,SNACK NUTS,VAC PAC NUTS(CANS)
968687,292,0.99,MEAT-PCKGD,LUNCHMEAT,LUNCH COMBO
969568,333,5.34,GROCERY,FROZEN PIZZA,PIZZA/TRADITIONAL
969725,368,12.99,SEAFOOD-PCKGD,SEAFOOD - FROZEN,SEAFOOD-FRZ-IQF COOKED SHRIMP
9707240,368,2.5,MEAT-PCKGD,HOT DOGS,PREMIUM - MEAT
972657,432,5.38,GROCERY,BAKING NEEDS,BITS & MORSELS
972931,334,1.49,GROCERY,MARGARINES,MARGARINE: TUBS AND BOWLS
974306,299,0.88,GROCERY,BAKING MIXES,LAYER CAKE MIX
975606,31582,0.8,GROCERY,VEGETABLES - SHELF STABLE,TOMATOES: STEWED/DICED/CRMD
976480,438,1,DRUG GM,ORAL HYGIENE PRODUCTS,TOOTHPASTE
977499,335,4.22,GROCERY,DINNER MXS:DRY,MACARONI & CHEESE DNRS
977499,338,1.14,GROCERY,DINNER MXS:DRY,MACARONI & CHEESE DNRS
977499,446,1.02,GROCERY,DINNER MXS:DRY,MACARONI & CHEESE DNRS
977545,368,2,GROCERY,FRZN VEGETABLE/VEG DSH,FRZN BAGGED VEGETABLES - PLAIN
977658,361,2.5,MEAT-PCKGD,HOT DOGS,PREMIUM - BEEF
977854,367,3.58,GROCERY,FRZN MEAT/MEAT DINNERS,FRZN SS PREMIUM ENTREES/DNRS/N
979176,31742,3,GROCERY,ICE CREAM/MILK/SHERBTS,PREMIUM
981086,334,3.44,MEAT-PCKGD,BREAKFAST SAUSAGE/SANDWICHES,FRESH
981760,292,4.74,GROCERY,EGGS,EGGS - X-LARGE
981760,299,0.79,GROCERY,EGGS,EGGS - X-LARGE
981760,31782,2.37,GROCERY,EGGS,EGGS - X-LARGE
981760,322,0.79,GROCERY,EGGS,EGGS - X-LARGE
981760,334,0.79,GROCERY,EGGS,EGGS - X-LARGE
981760,391,0.74,GROCERY,EGGS,EGGS - X-LARGE
981760,403,0.79,GROCERY,EGGS,EGGS - X-LARGE
981760,420,1.06,GROCERY,EGGS,EGGS - X-LARGE
981760,429,0.74,GROCERY,EGGS,EGGS - X-LARGE
983096,382,4.99,GROCERY,COFFEE,GROUND COFFEE
9835903,362,2.5,MEAT-PCKGD,BACON,ECONOMY
9836460,375,5.98,PRODUCE,SALAD MIX,REGULAR GARDEN
9836903,292,1,MEAT-PCKGD,LUNCHMEAT,MISCELLANEOUS
9836903,306,1,MEAT-PCKGD,LUNCHMEAT,MISCELLANEOUS
985893,31742,1.67,GROCERY,SOFT DRINKS,SOFT DRINKS 12/18&15PK CAN CAR
9859236,321,4,DRUG GM,HAND/BODY/FACIAL PRODUCTS,HAND AND BODY LOTIONS
986187,367,3.58,GROCERY,FRZN MEAT/MEAT DINNERS,FRZN SS PREMIUM ENTREES/DNRS/N
986417,410,4.98,DRUG GM,INFANT FORMULA,BABY ISOTONIC DRINKS
987234,310,3,MEAT-PCKGD,DINNER SAUSAGE,FRESH
987562,292,2.5,GROCERY,CHEESE,SHREDDED CHEESE
989069,334,2.5,MEAT-PCKGD,BREAKFAST SAUSAGE/SANDWICHES,LINKS - RAW
989069,364,2.5,MEAT-PCKGD,BREAKFAST SAUSAGE/SANDWICHES,LINKS - RAW
989935,299,0.88,GROCERY,BAKING MIXES,LAYER CAKE MIX
989935,432,1.76,GROCERY,BAKING MIXES,LAYER CAKE MIX
990762,388,2.19,GROCERY,FROZEN BREAD/DOUGH,FRZN GARLIC BREAD/TOAST/STICKS
990762,424,2.19,GROCERY,FROZEN BREAD/DOUGH,FRZN GARLIC BREAD/TOAST/STICKS
991024,323,2.5,MEAT-PCKGD,MISCELLANEOUS,PICKLES
991959,443,1.76,GROCERY,CHEESE,CREAM CHEESE
993441,323,5,GROCERY,FROZEN PIE/DESSERTS,FRZN WHIPPED TOPPING
993441,330,0.5,GROCERY,FROZEN PIE/DESSERTS,FRZN WHIPPED TOPPING
994223,361,3.49,GROCERY,COLD CEREAL,ADULT CEREAL
995242,292,4,GROCERY,FLUID MILK PRODUCTS,FLUID MILK WHITE ONLY
995242,450,1,GROCERY,FLUID MILK PRODUCTS,FLUID MILK WHITE ONLY
995628,424,3.23,GROCERY,FROZEN PIZZA,PIZZA/TRADITIONAL
995852,319,1,GROCERY,FRZN VEGETABLE/VEG DSH,FRZN BAGGED VEGETABLES - PLAIN
995876,292,2,GROCERY,FROZEN BREAD/DOUGH,FRZN GARLIC BREAD/TOAST/STICKS
995876,364,4.38,GROCERY,FROZEN BREAD/DOUGH,FRZN GARLIC BREAD/TOAST/STICKS
995876,372,4,GROCERY,FROZEN BREAD/DOUGH,FRZN GARLIC BREAD/TOAST/STICKS
995876,382,2,GROCERY,FROZEN BREAD/DOUGH,FRZN GARLIC BREAD/TOAST/STICKS
995876,421,2,GROCERY,FROZEN BREAD/DOUGH,FRZN GARLIC BREAD/TOAST/STICKS
998037,429,1.29,GROCERY,BAKING MIXES,LAYER CAKE MIX
998352,359,3.69,GROCERY,COLD CEREAL,KIDS CEREAL
999104,367,5,GROCERY,REFRGRATD JUICES/DRNKS,DAIRY CASE 100% PURE JUICE - O
999104,370,5,GROCERY,REFRGRATD JUICES/DRNKS,DAIRY CASE 100% PURE JUICE - O
999104,391,10,GROCERY,REFRGRATD JUICES/DRNKS,DAIRY CASE 100% PURE JUICE - O
999104,448,2.5,GROCERY,REFRGRATD JUICES/DRNKS,DAIRY CASE 100% PURE JUICE - O
999104,450,2.5,GROCERY,REFRGRATD JUICES/DRNKS,DAIRY CASE 100% PURE JUICE - O
999270,358,2.5,MEAT-PCKGD,BACON,ECONOMY
999270,370,5,MEAT-PCKGD,BACON,ECONOMY
